{"architecture":"amd64","config":{"Hostname":"","Domainname":"","User":"","AttachStdin":false,"AttachStdout":false,"AttachStderr":false,"ExposedPorts":{"80/tcp":{}},"Tty":false,"OpenStdin":false,"StdinOnce":false,"Env":["PATH=/usr/local/sbin:/usr/local/bin:/usr/sbin:/usr/bin:/sbin:/bin","NGINX_VERSION=1.19.2","NJS_VERSION=0.4.3","PKG_RELEASE=1~buster"],"Cmd":["nginx","-g","daemon off;"],"ArgsEscaped":true,"Image":"sha256:e046ee8113f48aaab8b7326ab6aed674eead374224b513de0684c2802ed2f3b9","Volumes":null,"WorkingDir":"","Entrypoint":["/docker-entrypoint.sh"],"OnBuild":null,"Labels":{"maintainer":"NGINX Docker Maintainers \u003cdocker-maint@nginx.com\u003e"},"StopSignal":"SIGTERM"},"container":"9d6205da098650124409c1c8eb09a40e2df28595ad1e82e0057f24fbd68fae9c","container_config":{"Hostname":"9d6205da0986","Domainname":"","User":"","AttachStdin":false,"AttachStdout":false,"AttachStderr":false,"ExposedPorts":{"80/tcp":{}},"Tty":false,"OpenStdin":false,"StdinOnce":false,"Env":["PATH=/usr/local/sbin:/usr/local/bin:/usr/sbin:/usr/bin:/sbin:/bin","NGINX_VERSION=1.19.2","NJS_VERSION=0.4.3","PKG_RELEASE=1~buster"],"Cmd":["/bin/sh","-c","#(nop) ","CMD [\"nginx\" \"-g\" \"daemon off;\"]"],"ArgsEscaped":true,"Image":"sha256:e046ee8113f48aaab8b7326ab6aed674eead374224b513de0684c2802ed2f3b9","Volumes":null,"WorkingDir":"","Entrypoint":["/docker-entrypoint.sh"],"OnBuild":null,"Labels":{"maintainer":"NGINX Docker Maintainers \u003cdocker-maint@nginx.com\u003e"},"StopSignal":"SIGTERM"},"created":"2020-08-14T00:36:48.610531148Z","docker_version":"18.09.7","history":[{"created":"2020-08-04T15:42:51.236961617Z","created_by":"/bin/sh -c #(nop) ADD file:3af3091e7d2bb40bc1e6550eb5ea290badc6bbf3339105626f245a963cc11450 in / "},{"created":"2020-08-04T15:42:51.474369117Z","created_by":"/bin/sh -c #(nop)  CMD [\"bash\"]","empty_layer":true},{"created":"2020-08-05T00:26:55.177996562Z","created_by":"/bin/sh -c #(nop)  LABEL maintainer=NGINX Docker Maintainers \u003cdocker-maint@nginx.com\u003e","empty_layer":true},{"created":"2020-08-14T00:36:27.035042713Z","created_by":"/bin/sh -c #(nop)  ENV NGINX_VERSION=1.19.2","empty_layer":true},{"created":"2020-08-14T00:36:27.210329975Z","created_by":"/bin/sh -c #(nop)  ENV NJS_VERSION=0.4.3","empty_layer":true},{"created":"2020-08-14T00:36:27.370552454Z","created_by":"/bin/sh -c #(nop)  ENV PKG_RELEASE=1~buster","empty_layer":true},{"created":"2020-08-14T00:36:47.281182534Z","created_by":"/bin/sh -c set -x     \u0026\u0026 addgroup --system --gid 101 nginx     \u0026\u0026 adduser --system --disabled-login --ingroup nginx --no-create-home --home /nonexistent --gecos \"nginx user\" --shell /bin/false --uid 101 nginx     \u0026\u0026 apt-get update     \u0026\u0026 apt-get install --no-install-recommends --no-install-suggests -y gnupg1 ca-certificates     \u0026\u0026     NGINX_GPGKEY=573BFD6B3D8FBC641079A6ABABF5BD827BD9BF62;     found='';     for server in         ha.pool.sks-keyservers.net         hkp://keyserver.ubuntu.com:80         hkp://p80.pool.sks-keyservers.net:80         pgp.mit.edu     ; do         echo \"Fetching GPG key $NGINX_GPGKEY from $server\";         apt-key adv --keyserver \"$server\" --keyserver-options timeout=10 --recv-keys \"$NGINX_GPGKEY\" \u0026\u0026 found=yes \u0026\u0026 break;     done;     test -z \"$found\" \u0026\u0026 echo \u003e\u00262 \"error: failed to fetch GPG key $NGINX_GPGKEY\" \u0026\u0026 exit 1;     apt-get remove --purge --auto-remove -y gnupg1 \u0026\u0026 rm -rf /var/lib/apt/lists/*     \u0026\u0026 dpkgArch=\"$(dpkg --print-architecture)\"     \u0026\u0026 nginxPackages=\"         nginx=${NGINX_VERSION}-${PKG_RELEASE}         nginx-module-xslt=${NGINX_VERSION}-${PKG_RELEASE}         nginx-module-geoip=${NGINX_VERSION}-${PKG_RELEASE}         nginx-module-image-filter=${NGINX_VERSION}-${PKG_RELEASE}         nginx-module-njs=${NGINX_VERSION}.${NJS_VERSION}-${PKG_RELEASE}     \"     \u0026\u0026 case \"$dpkgArch\" in         amd64|i386)             echo \"deb https://nginx.org/packages/mainline/debian/ buster nginx\" \u003e\u003e /etc/apt/sources.list.d/nginx.list             \u0026\u0026 apt-get update             ;;         *)             echo \"deb-src https://nginx.org/packages/mainline/debian/ buster nginx\" \u003e\u003e /etc/apt/sources.list.d/nginx.list                         \u0026\u0026 tempDir=\"$(mktemp -d)\"             \u0026\u0026 chmod 777 \"$tempDir\"                         \u0026\u0026 savedAptMark=\"$(apt-mark showmanual)\"                         \u0026\u0026 apt-get update             \u0026\u0026 apt-get build-dep -y $nginxPackages             \u0026\u0026 (                 cd \"$tempDir\"                 \u0026\u0026 DEB_BUILD_OPTIONS=\"nocheck parallel=$(nproc)\"                     apt-get source --compile $nginxPackages             )                         \u0026\u0026 apt-mark showmanual | xargs apt-mark auto \u003e /dev/null             \u0026\u0026 { [ -z \"$savedAptMark\" ] || apt-mark manual $savedAptMark; }                         \u0026\u0026 ls -lAFh \"$tempDir\"             \u0026\u0026 ( cd \"$tempDir\" \u0026\u0026 dpkg-scanpackages . \u003e Packages )             \u0026\u0026 grep '^Package: ' \"$tempDir/Packages\"             \u0026\u0026 echo \"deb [ trusted=yes ] file://$tempDir ./\" \u003e /etc/apt/sources.list.d/temp.list             \u0026\u0026 apt-get -o Acquire::GzipIndexes=false update             ;;     esac         \u0026\u0026 apt-get install --no-install-recommends --no-install-suggests -y                         $nginxPackages                         gettext-base                         curl     \u0026\u0026 apt-get remove --purge --auto-remove -y \u0026\u0026 rm -rf /var/lib/apt/lists/* /etc/apt/sources.list.d/nginx.list         \u0026\u0026 if [ -n \"$tempDir\" ]; then         apt-get purge -y --auto-remove         \u0026\u0026 rm -rf \"$tempDir\" /etc/apt/sources.list.d/temp.list;     fi     \u0026\u0026 ln -sf /dev/stdout /var/log/nginx/access.log     \u0026\u0026 ln -sf /dev/stderr /var/log/nginx/error.log     \u0026\u0026 mkdir /docker-entrypoint.d"},{"created":"2020-08-14T00:36:47.511195103Z","created_by":"/bin/sh -c #(nop) COPY file:e7e183879c35719c18aa7f733651029fbcc55f5d8c22a877ae199b389425789e in / "},{"created":"2020-08-14T00:36:47.706830948Z","created_by":"/bin/sh -c #(nop) COPY file:1d0a4127e78a26c11640bbedaeaa28ecafb5c40effef923390c04428192d665a in /docker-entrypoint.d "},{"created":"2020-08-14T00:36:47.922434201Z","created_by":"/bin/sh -c #(nop) COPY file:0fd5fca330dcd6a7de297435e32af634f29f7132ed0550d342cad9fd20158258 in /docker-entrypoint.d "},{"created":"2020-08-14T00:36:48.102503269Z","created_by":"/bin/sh -c #(nop)  ENTRYPOINT [\"/docker-entrypoint.sh\"]","empty_layer":true},{"created":"2020-08-14T00:36:48.269909035Z","created_by":"/bin/sh -c #(nop)  EXPOSE 80","empty_layer":true},{"created":"2020-08-14T00:36:48.426686849Z","created_by":"/bin/sh -c #(nop)  STOPSIGNAL SIGTERM","empty_layer":true},{"created":"2020-08-14T00:36:48.610531148Z","created_by":"/bin/sh -c #(nop)  CMD [\"nginx\" \"-g\" \"daemon off;\"]","empty_layer":true}],"os":"linux","rootfs":{"type":"layers","diff_ids":["sha256:d0f104dc0a1f9c744b65b23b3fd4d4d3236b4656e67f776fe13f8ad8423b955c","sha256:0338db614b95b200426c357864b53a7386a4e5cc9c71d9162176de706741cd34","sha256:a4d893caa5c98b553b40fe42346876d0f475044ae01270765be3e90db3a33f0e","sha256:22ea89b1a816fb03d40f747231f7227239200e7a57451dd181b9bf6926b446c1","sha256:550333325e31acdae00b4422502d6039724a50c29261e3a87038466060e704c6"]}}